Yahoo! Japan, https://www.yahoo.co.jp
Apple, https://www.apple.co.jp
Amazon.co.jp, https://www.amazon.co.jp
Google Map, https://www.google.co.jp/maps/?hl=ja
YouTube, https://www.youtube.com
数矢小学校, http://kazuya-sho.koto.ed.jp
ライト学童, https://light-gakudo.cybozu.com
HYGGE, https://lighttest.xyz/2020eventform
SAPIX, https://mypage.sapix.com
スタディサプリ, https://learn.studysapuri.jp/ja/login
石井清子バレエ研究所, http://ishiikiyoko-ballet.net
NHK for School, https://www.nhk.or.jp/school
au 安心なび, https://www.anshinnavi.auone.jp/static/product/pctop/index.html
